tie_line_id,source_row,outcome,failure_reason,phase_count,globality_certificate,attempts,major_iterations,best_tpd,held_gap,material_balance_max_abs,pressure_stationarity_max_relative,kkt_stationarity_max_abs,chemical_potential_max_relative,feed_li_mole_fraction,feed_cl_mole_fraction,feed_water_mole_fraction,feed_one_butanol_mole_fraction,source_aqueous_water_mass_fraction,source_aqueous_one_butanol_mass_fraction,source_aqueous_licl_mass_fraction,source_organic_water_mass_fraction,source_organic_one_butanol_mass_fraction,source_organic_licl_mass_fraction,predicted_aqueous_water_mass_fraction,predicted_aqueous_one_butanol_mass_fraction,predicted_aqueous_licl_mass_fraction,predicted_organic_water_mass_fraction,predicted_organic_one_butanol_mass_fraction,predicted_organic_licl_mass_fraction,predicted_aqueous_phase_fraction,predicted_organic_phase_fraction
figure3-01,5,one_phase_no_negative_witness_detected,,1,not_guaranteed,0,0,7.185404706659682e-05,,,,,,0.0013916483930478964,0.0013916483930478964,0.8340787270322444,0.1631379761816597,0.8798557609639079,0.11586288315381033,0.004281355882281561,0.2259357000407743,0.774003963068393,6.033689083268756e-05,,,,,,,,
figure3-02,6,one_phase_no_negative_witness_detected,,1,not_guaranteed,0,0,0.0002506479499114287,,,,,,0.004770008776823598,0.004770008776823598,0.8281696969333187,0.16229028551303404,0.876846469306601,0.10844570436633487,0.014707826327064173,0.22216495959304808,0.7776470119273677,0.00018802847958427385,,,,,,,,
figure3-03,7,one_phase_no_negative_witness_detected,,1,not_guaranteed,0,0,5.789910623488475e-06,,,,,,0.008026216694119303,0.008026216694119303,0.8222383385320243,0.161709228079737,0.8729137946467151,0.10231244487280063,0.024773760480484276,0.2187041556637061,0.7809942431596361,0.0003016011766577837,,,,,,,,
figure3-04,8,physical_equilibrium_accepted,,2,not_guaranteed,17,17,-0.0010355896674541232,8.103217110644323e-07,4.8433479449272454e-15,3.161859677448089e-11,1.3205929150641873e-10,,0.011164746896276504,0.011164746896276504,0.8163487421619737,0.1613217640454732,0.8684098043679435,0.09711409615229415,0.03447609947976243,0.21545959766023706,0.7841335290149284,0.0004068733248345462,0.826044215295835,0.032765719500549836,0.14119006520361516,0.5284486586745221,0.4599839228064623,0.011567418519015589,0.06512346666208876,0.9348765333379112
figure3-05,9,physical_equilibrium_accepted,,2,not_guaranteed,17,17,-0.0037764763963644143,1.9288138691564427e-05,4.1316498139432056e-10,2.894782473177806e-11,1.2527510005468604e-10,,0.014171853078914061,0.014171853078914061,0.8105676333488029,0.16108866049336898,0.8635684957329871,0.09266950075556644,0.04376200351144657,0.21238515800261262,0.7871083943904018,0.0005064476069854755,0.8236448899963686,0.029860801005668115,0.14649430899796334,0.511389898551876,0.4780499830143934,0.010560118433730644,0.12256690550004071,0.8774330944999593
figure3-06,10,indeterminate,stage_iii_active_set_balance_failed,0,not_guaranteed,11,11,-0.002176320763235401,1.4684534037634478e-05,,,,,0.018784742528114153,0.018784742528114153,0.8014904838826825,0.16094003106108912,0.855335258311708,0.08669015028250875,0.0579745914057832,0.2077462703208116,0.7915960350063029,0.0006576946728853648,,,,,,,,
figure3-07,11,indeterminate,problem_67_not_converged,0,not_guaranteed,8,8,-0.0020624529994869856,0.000636128698902283,,,,,0.025278015655628473,0.025278015655628473,0.7883536966017279,0.161090272087015,0.8424571962552186,0.07966053492856588,0.07788226881621546,0.20128844155102796,0.7978385032650882,0.0008730551838839564,,,,,,,,
figure3-08,12,indeterminate,stage_iii_phase_fraction_recovery_failed,0,not_guaranteed,1,1,-0.01739879478002404,,,,,,0.035035936574565205,0.035035936574565205,0.7680040306573258,0.1619240961935438,0.8210585592008661,0.07143092945341299,0.10751051134572097,0.19169328331201368,0.807095423235954,0.0012112934520323833,,,,,,,,
figure3-09,13,physical_equilibrium_accepted,,2,not_guaranteed,37,37,-0.0051252096617818155,7.923418987587638e-06,2.789435349370706e-15,1.2360508843285545e-11,9.275215366605701e-11,,0.03601406484765458,0.03601406484765458,0.7658785724354679,0.162093297869223,0.8188233382841019,0.07073772156241359,0.11043894015348434,0.19054506957290426,0.8082010367628851,0.0012538936642107852,0.7993868812941037,0.015084777235031809,0.1855283414708645,0.39026144058619666,0.6042431074048348,0.005495452008968526,0.40775473638239457,0.5922452636176054
figure3-10,14,physical_equilibrium_accepted,,2,not_guaranteed,61,61,-0.04553254832480452,5.503476430135379e-06,8.326672684688674e-15,9.540051749566347e-12,1.6115960332339515e-10,,0.04391808484870394,0.04391808484870394,0.7489454601127282,0.1632183701898638,0.8001013500798864,0.06580733830397052,0.1340913116161433,0.1828724874512663,0.8155754642396236,0.0015520483091101974,0.7882890792595928,0.011711637940001582,0.19999928280040566,0.34902890077181015,0.6465915427733557,0.004379556454834173,0.4749833961365611,0.525016603863439
figure3-11,15,physical_equilibrium_accepted,,2,not_guaranteed,60,60,-0.0005331028096587365,3.2868289601140077e-06,3.807002824096628e-09,2.6277052689075235e-11,9.440624889569272e-11,,0.05188359855240144,0.05188359855240144,0.7316427045197827,0.16459009837541436,0.780415866928645,0.06195269644101629,0.1576314366303387,0.1754040284082511,0.8227238084242214,0.0018721631675276235,0.7761133386857395,0.00903549209706764,0.21485116921719294,0.30963907049521505,0.6868432977846971,0.0035176317200878394,0.5306612348794326,0.4693387651205673
figure3-12,16,indeterminate,stage_ii_major_iteration_limit,0,not_guaranteed,80,80,-0.060515546276683596,-3.72491726352564e-08,,,,,0.05935542932381481,0.05935542932381481,0.7151679589241923,0.16612118242817822,0.7614027772595612,0.05921054236965171,0.17938668037078706,0.16839549479648497,0.8293959225974833,0.002208582606031676,,,,,,,,
figure3-13,17,indeterminate,problem_67_not_converged,0,not_guaranteed,14,14,-0.11177932707668783,0.0006283551801331555,,,,,0.06622008476627468,0.06622008476627468,0.6998403645240564,0.1677194659433942,0.7435735075929601,0.05735811419076853,0.19906837821627124,0.16193986182693654,0.8355013760495087,0.0025587621235548213,,,,,,,,
figure3-14,18,physical_equilibrium_accepted,,2,not_guaranteed,55,55,-0.19595627164931922,3.907933681546183e-06,4.106663481495687e-09,1.3101176907623744e-11,9.96194910598075e-11,,0.07883222469760741,0.07883222469760741,0.6712519458509989,0.17108360475378634,0.7101227932839446,0.05548906760272828,0.2343881391133273,0.15009058456833874,0.8465654710894949,0.0033439443421664234,0.7284707172271797,0.0036078468782963697,0.26792143589452394,0.1959269474285732,0.8021974922396206,0.0018755603318062729,0.6568096722223956,0.3431903277776044
figure3-15,19,indeterminate,problem_67_not_converged,0,not_guaranteed,57,57,-0.25929286121382655,0.00010155402310374484,,,,,0.08999368785010747,0.08999368785010747,0.6457464517007616,0.17426617259902347,0.6797046912617839,0.05547058862768372,0.26482472011053226,0.1405418116247956,0.8552794973756217,0.004178690999582583,,,,,,,,
figure3-16,20,indeterminate,stage_ii_major_iteration_limit,0,not_guaranteed,80,80,-0.020886440023963053,2.2476782945091145e-05,,,,,0.10002987675094009,0.10002987675094009,0.62244859892148,0.17749164757663988,0.6518384959040843,0.05688526953956298,0.29127623455635265,0.13204830086411834,0.8627837262800351,0.005167972855846669,,,,,,,,
figure3-17,21,physical_equilibrium_accepted,,2,not_guaranteed,61,61,-0.07296891811379896,1.1038783341632552e-05,7.915914035372396e-10,4.939549222868028e-11,1.1267634154821689e-10,,0.10937740944778979,0.10937740944778979,0.6004598743186162,0.18078530678580418,0.6253253371422102,0.05964453277781786,0.31503013007997205,0.12446791472549457,0.8691602348839428,0.006371850390562799,0.665357371482402,0.001208287377279533,0.33343434114031834,0.10682882713973574,0.8918867315290053,0.0012844413312590023,0.7295490031503731,0.27045099684962687
figure3-18,22,physical_equilibrium_accepted,,2,not_guaranteed,72,72,-0.11325681447382727,2.1058643042692893e-06,5.551115123125783e-17,2.7494931635828385e-11,1.1462836462623524e-10,,0.11784356864745188,0.11784356864745188,0.5802500248708271,0.18406283783426905,0.6007336551500136,0.06364275182920956,0.3356235930207768,0.11790195737537902,0.8742721801436193,0.007825862481001707,0.6464918446064719,0.0008866970050950917,0.35262145838843306,0.08869653962073201,0.9100485378338165,0.0012549225454515772,0.7414775344329889,0.258522465567011
figure3-19,23,physical_equilibrium_accepted,,2,not_guaranteed,71,71,-0.14475090055831236,1.351132153359913e-05,3.2529534621517087e-14,1.1648283811674066e-11,4.7389801971498e-08,,0.12587046039011884,0.12587046039011884,0.5607938785315034,0.18746520068825895,0.5766991179431437,0.06915101684122943,0.35414986521562697,0.11211106537677808,0.8782213759213281,0.00966755870189385,0.6280843967220159,0.0006596767000270449,0.37125592657795703,0.0737819934345547,0.9249418925657368,0.0012761139997084353,0.7502740587470552,0.24972594125294478
figure3-20,24,indeterminate,problem_67_not_converged,0,not_guaranteed,60,60,-0.15315499685955608,2.497449862914891e-05,,,,,0.12838900142112294,0.12838900142112294,0.5546185301268961,0.18860346703085804,0.5689737479360252,0.07130887252189617,0.3597173795420785,0.11040114904411047,0.8792271085005149,0.010371742455374719,,,,,,,,
figure3-21,25,indeterminate,stage_ii_major_iteration_limit,0,not_guaranteed,80,80,-0.16721605049535107,1.2669552383215432e-05,,,,,0.13325798516414805,0.13325798516414805,0.5425680120818422,0.1909160175898616,0.5537736679216108,0.07617473473052574,0.3700515973478636,0.1072280421594076,0.8807869133482441,0.01198504449234822,,,,,,,,
figure3-22,26,indeterminate,problem_67_not_converged,0,not_guaranteed,70,70,-0.16702210253300478,3.203864614675922e-05,,,,,0.13318436390340624,0.13318436390340624,0.5427490453886425,0.19088222680454495,0.5541268794867713,0.07605207137303754,0.36982104914019115,0.10714824612820666,0.8808166981128148,0.012035055758978504,,,,,,,,
figure3-23,27,physical_equilibrium_accepted,,2,not_guaranteed,50,50,-0.18657372985692358,3.141960176122893e-05,5.551115123125783e-15,2.055095305513712e-11,1.198229977182556e-10,,0.14374483683083733,0.14374483683083733,0.5160568471704403,0.19645347916788497,0.5192615097464033,0.09074564675444291,0.38999284349915386,0.10151998953260213,0.8815642678418075,0.016915742625590282,0.5853338940458029,0.00033805158189275384,0.4143280543723044,0.04710286503624198,0.9513773424088161,0.0015197925549418135,0.7625116957335946,0.23748830426640546
figure3-24,28,indeterminate,stage_ii_major_iteration_limit,0,not_guaranteed,80,80,-0.18838504919600232,-2.75729370002864e-07,,,,,0.14576775945659765,0.14576775945659765,0.5108452689323629,0.1976192121544417,0.5122764695594453,0.0943701797344422,0.3933533507061125,0.10063406355661646,0.881159847946942,0.018206088496441588,,,,,,,,
figure3-25,29,indeterminate,problem_67_not_converged,0,not_guaranteed,12,12,-0.190080087023681,4.497486301602294e-06,,,,,0.14956087382045785,0.14956087382045785,0.5010554291506217,0.19982282320846256,0.4990414584393331,0.10192938113790743,0.39902916042275943,0.09917954148994387,0.8796484511189016,0.02117200739115454,,,,,,,,
figure3-26,30,indeterminate,stage_ii_major_iteration_limit,0,not_guaranteed,80,80,-0.1896678756932761,5.847553552484896e-10,,,,,0.15312109342974933,0.15312109342974933,0.49189482844106097,0.2018629846994403,0.48642687122864037,0.11002157791675042,0.4035515508546092,0.09820071655569416,0.8770928688999506,0.024706414544355234,,,,,,,,
figure3-27,31,indeterminate,stage_ii_major_iteration_limit,0,not_guaranteed,80,80,-0.18686685820080143,4.774847184307873e-12,,,,,0.1568221556373781,0.1568221556373781,0.4823224945972032,0.20403319412804052,0.47278251691630024,0.11979975686477747,0.4074177262189223,0.09773343697302438,0.8731673767764663,0.029099186250509473,,,,,,,,
figure3-28,32,indeterminate,problem_67_not_converged,0,not_guaranteed,11,11,-0.182403919919732,2.148412251301579e-05,,,,,0.16042068249132715,0.16042068249132715,0.473231482953786,0.20592715206355966,0.4595077138183425,0.13037624004017365,0.4101160461414839,0.09789139615288955,0.867576612235466,0.03453199161164429,,,,,,,,
figure3-29,33,indeterminate,problem_67_not_converged,0,not_guaranteed,62,62,-0.1789094350648673,-5.03774799653911e-12,,,,,0.1647022133111612,0.1647022133111612,0.46403915012566327,0.2065564232520144,0.4461704088911407,0.14208054289162492,0.4117490482172344,0.09928607693962067,0.8568791407390582,0.04383478232132112,,,,,,,,
figure3-30,34,indeterminate,problem_67_not_converged,0,not_guaranteed,9,9,-0.1712549246230486,0.0006706633544482088,,,,,0.16815362206540052,0.16815362206540052,0.45576410542028556,0.2079286504489134,0.43299623628940853,0.1547131532878062,0.41229061042278525,0.1010094216629684,0.8476471154064336,0.051343462930598015,,,,,,,,
figure3-31,35,indeterminate,stage_ii_major_iteration_limit,0,not_guaranteed,80,80,-0.16530657720387093,0.0006208698179861472,,,,,0.17240513236381635,0.17240513236381635,0.4474720268012679,0.2077177084710995,0.4195940792220638,0.16864905951431508,0.4117568612636211,0.10443664363247408,0.8321989973015369,0.06336435906598895,,,,,,,,
figure3-32,36,indeterminate,stage_ii_major_iteration_limit,0,not_guaranteed,80,80,-0.16452703728793255,0.0005029392488395956,,,,,0.1779164886086336,0.1779164886086336,0.43953197594846405,0.20463504683426867,0.40624339870480874,0.18358991581564865,0.41016668547954244,0.11080603670389955,0.8068437111664459,0.0823502521296546,,,,,,,,
figure3-33,37,indeterminate,stage_ii_major_iteration_limit,0,not_guaranteed,80,80,-0.1621368277660279,0.0004368527147917689,,,,,0.1794743209933883,0.1794743209933883,0.4368626089856785,0.2041887490275449,0.401409832071315,0.1892512937653827,0.4093388741633024,0.11275339240985859,0.7995105822732393,0.08773602531690221,,,,,,,,
